"Product_ID","product__Product_name","product__Category","product__Description","product__Manufacturer","product__Price","product__Stock_availability"
"1","Mighty Doodad","Food","Looking for a product that can...","Unilever","5354.04","51"
"2","Mighty Doodad","Toys","This product is perfect for those who want to...","Unilever","2439.68","232"
"3","Acme Widget","Home","Our product is designed to...","Apple","280.29","14"
"4","Super Gizmo","Beauty","Introducing the newest addition to our product line...","Samsung","9727.23","483"
"5","Ultimate Doohickey","Home","Looking for a product that can...","Apple","3006.57","499"
"6","Mighty Doodad","Home","This product is perfect for those who want to...","Kraft","2696.67","665"
"7","Hyper Gadget","Electronics","Introducing the newest addition to our product line...","Nike","3623.57","746"
"8","Acme Widget","Home","Our product is designed to...","Kraft","2276.62","989"
"9","Hyper Gadget","Clothing","Our product is the solution for...","Samsung","4029.63","869"
"10","Mighty Doodad","Clothing","Looking for a product that can...","Nestle","3353.39","691"
"11","Super Gizmo","Food","This product is perfect for those who want to...","Apple","9946.27","322"
"12","Turbo Gismo","Toys","This product is perfect for those who want to...","Kraft","7493.8","283"
"13","Hyper Gadget","Clothing","Our product is designed to...","Nike","1543.44","326"
"14","Epic Gizmo","Clothing","This product is perfect for those who want to...","Apple","3083.93","378"
"15","Mega Thingamajig","Electronics","This product is perfect for those who want to...","Apple","7310.92","438"
"16","Extreme Whatchamacallit","Toys","Introducing the newest addition to our product line...","Nestle","3569.59","452"
"17","Hyper Gadget","Toys","Our product is designed to...","Kraft","3261.81","349"
"18","Extreme Whatchamacallit","Food","Our product is the solution for...","Apple","218.82","43"
"19","Epic Gizmo","Home","Our product is the solution for...","P&G","4707.47","163"
"20","Powerful Grommet","Toys","Our product is the solution for...","P&G","2279.6","798"
"21","Turbo Gismo","Food","Looking for a product that can...","Unilever","6893.27","351"
"22","Mighty Doodad","Electronics","This product is perfect for those who want to...","Adidas","8817.38","265"
"23","Hyper Gadget","Home","This product is perfect for those who want to...","Sony","8304.51","512"
"24","Powerful Grommet","Books","Our product is designed to...","Sony","7662.78","777"
"25","Epic Gizmo","Sports","Our product is the solution for...","Nestle","5790.19","159"
"26","Ultimate Doohickey","Electronics","This product is perfect for those who want to...","Apple","1901.81","809"
"27","Mega Thingamajig","Books","This product is perfect for those who want to...","P&G","3446.6","37"
"28","Acme Widget","Books","Our product is designed to...","Unilever","7250.24","399"
"29","Turbo Gismo","Food","This product is perfect for those who want to...","P&G","3361.02","533"
"30","Mega Thingamajig","Books","Introducing the newest addition to our product line...","Kraft","3243.95","395"
"31","Ultimate Doohickey","Toys","Our product is the solution for...","Adidas","3630.25","343"
"32","Super Gizmo","Books","Introducing the newest addition to our product line...","P&G","1296.77","18"
"33","Ultimate Doohickey","Toys","Our product is the solution for...","Unilever","8305.02","572"
"34","Extreme Whatchamacallit","Sports","Our product is designed to...","Adidas","8091.47","725"
"35","Acme Widget","Beauty","This product is perfect for those who want to...","Nike","6717.24","148"
"36","Mega Thingamajig","Home","Introducing the newest addition to our product line...","Apple","2470.83","491"
"37","Mega Thingamajig","Toys","Our product is the solution for...","Nike","8029.96","548"
"38","Ultimate Doohickey","Sports","Our product is the solution for...","P&G","5003.67","133"
"39","Turbo Gismo","Food","Our product is the solution for...","Unilever","7492.4","927"
"40","Acme Widget","Home","Our product is designed to...","Nestle","1946.51","938"
"41","Ultimate Doohickey","Home","Our product is designed to...","Samsung","5752.81","550"
"42","Turbo Gismo","Clothing","Introducing the newest addition to our product line...","Apple","561.03","14"
"43","Extreme Whatchamacallit","Home","Our product is designed to...","Sony","7386.89","612"
"44","Powerful Grommet","Food","Introducing the newest addition to our product line...","P&G","921.32","314"
"45","Mighty Doodad","Electronics","Our product is designed to...","Nike","6749.03","115"
"46","Super Gizmo","Clothing","Looking for a product that can...","Kraft","8247.42","927"
"47","Extreme Whatchamacallit","Clothing","Our product is the solution for...","Adidas","6232.78","231"
"48","Extreme Whatchamacallit","Toys","Our product is the solution for...","Samsung","7842.65","107"
"49","Ultimate Doohickey","Food","This product is perfect for those who want to...","Samsung","7372.9","745"
"50","Mighty Doodad","Clothing","Introducing the newest addition to our product line...","Apple","2608.72","61"
"51","Extreme Whatchamacallit","Home","Introducing the newest addition to our product line...","LG","3492.69","969"
"52","Mighty Doodad","Home","Introducing the newest addition to our product line...","Nestle","5304.25","827"
"53","Epic Gizmo","Food","This product is perfect for those who want to...","Nestle","458.04","923"
"54","Hyper Gadget","Home","Introducing the newest addition to our product line...","Unilever","449.12","166"
"55","Hyper Gadget","Books","This product is perfect for those who want to...","Nestle","5046.1","431"
"56","Powerful Grommet","Clothing","Our product is the solution for...","Nestle","3740.1","516"
"57","Hyper Gadget","Toys","Looking for a product that can...","P&G","9201.28","97"
"58","Turbo Gismo","Home","Looking for a product that can...","Apple","2532.86","265"
"59","Extreme Whatchamacallit","Food","Our product is the solution for...","P&G","4562.74","560"
"60","Epic Gizmo","Electronics","Looking for a product that can...","Samsung","4645.21","797"
"61","Turbo Gismo","Sports","Our product is designed to...","Adidas","1529.5","578"
"62","Super Gizmo","Food","Our product is the solution for...","P&G","1560.87","916"
"63","Ultimate Doohickey","Beauty","Our product is the solution for...","Unilever","4943.71","457"
"64","Hyper Gadget","Toys","Our product is the solution for...","Apple","7808.99","547"
"65","Powerful Grommet","Clothing","Our product is the solution for...","Nike","5259.43","198"
"66","Powerful Grommet","Toys","This product is perfect for those who want to...","Adidas","6753.58","631"
"67","Acme Widget","Books","This product is perfect for those who want to...","Nestle","3603.22","33"
"68","Powerful Grommet","Beauty","This product is perfect for those who want to...","Samsung","8170.42","322"
"69","Ultimate Doohickey","Toys","Introducing the newest addition to our product line...","Nike","1906.73","190"
"70","Turbo Gismo","Sports","Our product is the solution for...","Kraft","5476.73","977"
"71","Powerful Grommet","Books","Introducing the newest addition to our product line...","Samsung","1475.7","557"
"72","Mega Thingamajig","Electronics","This product is perfect for those who want to...","Adidas","1419.27","592"
"73","Mighty Doodad","Food","This product is perfect for those who want to...","Adidas","6460.7","600"
"74","Mega Thingamajig","Sports","This product is perfect for those who want to...","Apple","3589.93","98"
"75","Super Gizmo","Clothing","Our product is the solution for...","LG","8026.93","139"
"76","Hyper Gadget","Beauty","Our product is the solution for...","Sony","9345.82","691"
"77","Mega Thingamajig","Books","Introducing the newest addition to our product line...","P&G","4596.33","872"
"78","Powerful Grommet","Electronics","This product is perfect for those who want to...","Sony","1809.88","596"
"79","Hyper Gadget","Clothing","Our product is the solution for...","Nestle","1075.78","918"
"80","Mega Thingamajig","Food","This product is perfect for those who want to...","Adidas","1100.37","345"
"81","Hyper Gadget","Sports","Introducing the newest addition to our product line...","Adidas","1352.24","298"
"82","Ultimate Doohickey","Books","Looking for a product that can...","Nike","2118.33","172"
"83","Extreme Whatchamacallit","Toys","This product is perfect for those who want to...","Unilever","4338.68","943"
"84","Acme Widget","Sports","Introducing the newest addition to our product line...","Adidas","7797.1","526"
"85","Super Gizmo","Beauty","This product is perfect for those who want to...","Adidas","6260.45","597"
"86","Powerful Grommet","Clothing","Looking for a product that can...","Nike","2738.31","282"
"87","Mega Thingamajig","Books","This product is perfect for those who want to...","Apple","9925.61","660"
"88","Super Gizmo","Toys","This product is perfect for those who want to...","LG","6695.54","923"
"89","Hyper Gadget","Sports","Our product is designed to...","LG","8577.86","733"
"90","Mighty Doodad","Food","Our product is the solution for...","Nestle","2694.89","579"
"91","Mighty Doodad","Electronics","Our product is designed to...","Samsung","1359.62","661"
"92","Super Gizmo","Toys","This product is perfect for those who want to...","Adidas","9373.24","929"
"93","Hyper Gadget","Clothing","Our product is designed to...","Nike","4771.94","685"
"94","Hyper Gadget","Clothing","Looking for a product that can...","LG","6794.53","215"
"95","Turbo Gismo","Sports","Our product is the solution for...","P&G","2167.82","759"
"96","Super Gizmo","Toys","Looking for a product that can...","Unilever","7718.0","653"
"97","Extreme Whatchamacallit","Clothing","Introducing the newest addition to our product line...","Unilever","6005.77","458"
"98","Turbo Gismo","Electronics","Our product is the solution for...","LG","9207.26","698"
"99","Ultimate Doohickey","Beauty","Introducing the newest addition to our product line...","Apple","924.67","753"
"100","Acme Widget","Beauty","Looking for a product that can...","Samsung","920.67","65"
"101","Powerful Grommet","Food","Our product is designed to...","Nestle","7417.41","246"
"102","Mighty Doodad","Clothing","Introducing the newest addition to our product line...","Nike","8297.17","441"
"103","Extreme Whatchamacallit","Food","Introducing the newest addition to our product line...","Kraft","1025.75","788"
"104","Powerful Grommet","Sports","Our product is designed to...","Kraft","5925.83","288"
"105","Mega Thingamajig","Sports","Introducing the newest addition to our product line...","Apple","1399.78","788"
"106","Hyper Gadget","Beauty","Introducing the newest addition to our product line...","Unilever","1178.51","274"
"107","Ultimate Doohickey","Home","Looking for a product that can...","Apple","7479.35","354"
"108","Super Gizmo","Toys","This product is perfect for those who want to...","Nestle","512.64","667"
"109","Epic Gizmo","Home","Our product is the solution for...","Nike","9500.85","165"
"110","Epic Gizmo","Sports","Our product is the solution for...","Unilever","8539.04","980"
"111","Extreme Whatchamacallit","Books","Looking for a product that can...","LG","9601.54","863"
"112","Super Gizmo","Toys","Our product is the solution for...","Apple","8626.97","497"
"113","Turbo Gismo","Electronics","Introducing the newest addition to our product line...","Samsung","4205.45","384"
"114","Extreme Whatchamacallit","Books","Our product is designed to...","Nike","6646.23","151"
"115","Powerful Grommet","Clothing","Introducing the newest addition to our product line...","Apple","7517.3","195"
"116","Epic Gizmo","Toys","This product is perfect for those who want to...","Unilever","8496.01","775"
"117","Epic Gizmo","Home","Looking for a product that can...","Samsung","7457.33","731"
"118","Epic Gizmo","Electronics","Introducing the newest addition to our product line...","Kraft","2443.09","394"
"119","Mighty Doodad","Electronics","Our product is designed to...","Unilever","1364.1","412"
"120","Ultimate Doohickey","Books","Looking for a product that can...","Nestle","7396.01","241"
"121","Extreme Whatchamacallit","Beauty","Our product is designed to...","Nestle","8204.17","598"
"122","Acme Widget","Sports","Looking for a product that can...","Nestle","7687.01","468"
"123","Ultimate Doohickey","Food","Our product is the solution for...","P&G","6740.22","149"
"124","Acme Widget","Home","Looking for a product that can...","Kraft","8354.07","908"
"125","Extreme Whatchamacallit","Clothing","Introducing the newest addition to our product line...","LG","5627.54","958"
"126","Ultimate Doohickey","Books","Looking for a product that can...","Sony","5166.28","7"
"127","Ultimate Doohickey","Food","This product is perfect for those who want to...","Samsung","7081.64","713"
"128","Epic Gizmo","Food","Looking for a product that can...","Samsung","133.39","984"
"129","Epic Gizmo","Home","Introducing the newest addition to our product line...","Sony","8800.4","87"
"130","Turbo Gismo","Home","Our product is the solution for...","Unilever","3500.49","729"
"131","Super Gizmo","Beauty","Our product is the solution for...","Samsung","4136.87","236"
"132","Hyper Gadget","Beauty","This product is perfect for those who want to...","Nestle","721.55","398"
"133","Epic Gizmo","Books","Introducing the newest addition to our product line...","Sony","4909.86","152"
"134","Hyper Gadget","Home","Our product is the solution for...","Nestle","265.43","23"
"135","Acme Widget","Food","This product is perfect for those who want to...","Apple","1126.76","301"
"136","Super Gizmo","Food","This product is perfect for those who want to...","Samsung","9682.18","622"
"137","Ultimate Doohickey","Home","Our product is the solution for...","Samsung","4961.36","606"
"138","Acme Widget","Beauty","Our product is the solution for...","Sony","2550.69","717"
"139","Ultimate Doohickey","Clothing","Our product is the solution for...","Nike","3431.38","602"
"140","Turbo Gismo","Electronics","Our product is the solution for...","Nike","3791.11","420"
"141","Ultimate Doohickey","Clothing","Our product is the solution for...","P&G","3731.0","144"
"142","Mighty Doodad","Beauty","Introducing the newest addition to our product line...","P&G","4620.43","984"
"143","Epic Gizmo","Food","Our product is designed to...","Unilever","6791.82","113"
"144","Ultimate Doohickey","Food","This product is perfect for those who want to...","LG","3334.7","384"
"145","Hyper Gadget","Electronics","This product is perfect for those who want to...","Kraft","3442.57","288"
"146","Hyper Gadget","Electronics","Our product is the solution for...","Adidas","8636.6","709"
"147","Super Gizmo","Beauty","This product is perfect for those who want to...","Samsung","6849.43","778"
"148","Hyper Gadget","Food","Our product is designed to...","Nestle","8197.27","880"
"149","Ultimate Doohickey","Home","Our product is designed to...","Samsung","3774.98","556"
"150","Super Gizmo","Books","This product is perfect for those who want to...","Kraft","6725.74","58"
"151","Extreme Whatchamacallit","Electronics","This product is perfect for those who want to...","Unilever","6110.41","804"
"152","Mega Thingamajig","Beauty","Introducing the newest addition to our product line...","Apple","4176.65","903"
"153","Epic Gizmo","Clothing","This product is perfect for those who want to...","Unilever","9032.7","274"
"154","Powerful Grommet","Food","Our product is designed to...","Apple","1633.75","516"
"155","Extreme Whatchamacallit","Electronics","Introducing the newest addition to our product line...","LG","9781.07","459"
"156","Hyper Gadget","Food","Introducing the newest addition to our product line...","Nike","6687.07","906"
"157","Epic Gizmo","Clothing","Our product is designed to...","Nestle","2240.61","993"
"158","Extreme Whatchamacallit","Home","Our product is the solution for...","Unilever","8490.84","712"
"159","Acme Widget","Home","Our product is designed to...","Nestle","4970.66","581"
"160","Mighty Doodad","Food","Looking for a product that can...","LG","23.45","455"
"161","Acme Widget","Home","Introducing the newest addition to our product line...","Nike","6483.8","415"
"162","Turbo Gismo","Home","Looking for a product that can...","Unilever","5101.82","832"
"163","Turbo Gismo","Food","Introducing the newest addition to our product line...","Apple","3889.38","890"
"164","Extreme Whatchamacallit","Sports","Looking for a product that can...","Sony","7984.69","151"
"165","Extreme Whatchamacallit","Sports","Looking for a product that can...","P&G","8822.86","22"
"166","Mighty Doodad","Food","Our product is designed to...","Adidas","9907.41","773"
"167","Acme Widget","Beauty","Our product is the solution for...","Sony","9646.96","520"
"168","Mega Thingamajig","Electronics","Our product is designed to...","P&G","3899.44","580"
"169","Acme Widget","Electronics","This product is perfect for those who want to...","Nestle","3824.46","601"
"170","Epic Gizmo","Beauty","Introducing the newest addition to our product line...","Sony","2098.51","991"
"171","Turbo Gismo","Food","Our product is the solution for...","Kraft","5044.35","336"
"172","Mighty Doodad","Beauty","This product is perfect for those who want to...","Samsung","7205.31","472"
"173","Acme Widget","Sports","Introducing the newest addition to our product line...","Nike","7465.3","112"
"174","Epic Gizmo","Sports","Looking for a product that can...","Nestle","9694.28","542"
"175","Epic Gizmo","Sports","Our product is the solution for...","Nike","7890.12","128"
"176","Acme Widget","Home","Introducing the newest addition to our product line...","LG","686.99","665"
"177","Extreme Whatchamacallit","Toys","Introducing the newest addition to our product line...","Unilever","2864.05","906"
"178","Epic Gizmo","Food","Our product is designed to...","Nike","8650.77","210"
"179","Extreme Whatchamacallit","Toys","Our product is the solution for...","Kraft","1204.11","876"
"180","Mega Thingamajig","Home","Looking for a product that can...","Adidas","3525.4","889"
"181","Extreme Whatchamacallit","Books","Looking for a product that can...","P&G","585.33","971"
"182","Mega Thingamajig","Sports","Our product is the solution for...","Samsung","9567.03","425"
"183","Hyper Gadget","Electronics","This product is perfect for those who want to...","Kraft","593.97","776"
"184","Powerful Grommet","Clothing","Looking for a product that can...","Samsung","8309.67","185"
"185","Turbo Gismo","Beauty","This product is perfect for those who want to...","Samsung","394.31","426"
"186","Hyper Gadget","Sports","Introducing the newest addition to our product line...","Samsung","4153.13","946"
"187","Acme Widget","Clothing","Introducing the newest addition to our product line...","Kraft","9033.31","130"
"188","Mighty Doodad","Electronics","Looking for a product that can...","Unilever","2216.61","640"
"189","Epic Gizmo","Books","Introducing the newest addition to our product line...","Samsung","5255.43","869"
"190","Turbo Gismo","Sports","Our product is designed to...","Apple","3374.32","773"
"191","Extreme Whatchamacallit","Sports","This product is perfect for those who want to...","Sony","9608.38","754"
"192","Super Gizmo","Sports","Our product is designed to...","Adidas","2327.81","642"
"193","Epic Gizmo","Home","Our product is the solution for...","Samsung","2494.2","989"
"194","Super Gizmo","Sports","Introducing the newest addition to our product line...","Samsung","1260.76","547"
"195","Acme Widget","Food","Our product is the solution for...","Nestle","1006.42","965"
"196","Hyper Gadget","Food","This product is perfect for those who want to...","Nestle","617.46","264"
"197","Mighty Doodad","Electronics","Looking for a product that can...","P&G","8586.53","948"
"198","Turbo Gismo","Electronics","Looking for a product that can...","Adidas","7722.04","586"
"199","Hyper Gadget","Beauty","Our product is the solution for...","Sony","6905.31","971"
"200","Extreme Whatchamacallit","Beauty","Introducing the newest addition to our product line...","P&G","8221.34","722"
"201","Powerful Grommet","Clothing","Our product is the solution for...","Nike","6317.03","429"
"202","Mega Thingamajig","Food","Our product is the solution for...","Nike","7887.75","210"
"203","Ultimate Doohickey","Food","This product is perfect for those who want to...","Adidas","2728.74","806"
"204","Extreme Whatchamacallit","Clothing","Introducing the newest addition to our product line...","Samsung","3876.15","24"
"205","Turbo Gismo","Clothing","This product is perfect for those who want to...","Unilever","7377.56","588"
"206","Acme Widget","Sports","Our product is designed to...","P&G","9669.47","462"
"207","Epic Gizmo","Sports","Introducing the newest addition to our product line...","Nike","4172.45","943"
"208","Hyper Gadget","Electronics","Introducing the newest addition to our product line...","Nestle","65.31","258"
"209","Epic Gizmo","Home","This product is perfect for those who want to...","Apple","1430.99","468"
"210","Epic Gizmo","Beauty","Our product is the solution for...","Nestle","7109.42","591"
"211","Powerful Grommet","Beauty","Our product is the solution for...","Nike","9470.36","400"
"212","Ultimate Doohickey","Sports","Introducing the newest addition to our product line...","P&G","6806.24","402"
"213","Mega Thingamajig","Food","This product is perfect for those who want to...","Adidas","6996.15","284"
"214","Powerful Grommet","Electronics","Our product is designed to...","LG","6976.72","154"
"215","Super Gizmo","Electronics","Looking for a product that can...","Nestle","6761.47","372"
"216","Turbo Gismo","Electronics","Looking for a product that can...","Apple","3755.54","612"
"217","Super Gizmo","Beauty","Our product is the solution for...","Samsung","7575.06","139"
"218","Mega Thingamajig","Sports","Introducing the newest addition to our product line...","Adidas","3870.78","35"
"219","Powerful Grommet","Books","Our product is the solution for...","Kraft","8605.91","55"
"220","Acme Widget","Food","Our product is designed to...","Nike","601.17","316"
"221","Hyper Gadget","Clothing","Our product is designed to...","Adidas","4141.75","310"
"222","Extreme Whatchamacallit","Sports","This product is perfect for those who want to...","Samsung","8873.47","191"
"223","Extreme Whatchamacallit","Food","Introducing the newest addition to our product line...","P&G","1404.63","665"
"224","Hyper Gadget","Electronics","Looking for a product that can...","Adidas","2258.88","734"
"225","Epic Gizmo","Food","Introducing the newest addition to our product line...","Samsung","8849.98","442"
"226","Epic Gizmo","Food","Our product is the solution for...","LG","1653.65","838"
"227","Extreme Whatchamacallit","Books","Our product is the solution for...","Nike","2916.99","523"
"228","Turbo Gismo","Sports","Our product is designed to...","Nestle","218.47","711"
"229","Epic Gizmo","Toys","Introducing the newest addition to our product line...","Kraft","9383.59","354"
"230","Turbo Gismo","Beauty","Our product is designed to...","Nestle","8046.01","777"
"231","Ultimate Doohickey","Sports","Looking for a product that can...","Kraft","2585.67","101"
"232","Mighty Doodad","Toys","Looking for a product that can...","Samsung","3378.31","950"
"233","Turbo Gismo","Sports","Our product is the solution for...","Nike","7565.51","685"
"234","Super Gizmo","Clothing","Our product is the solution for...","Nestle","8069.2","762"
"235","Epic Gizmo","Electronics","Introducing the newest addition to our product line...","Sony","7576.46","216"
"236","Powerful Grommet","Books","Looking for a product that can...","LG","4877.67","517"
"237","Super Gizmo","Toys","Introducing the newest addition to our product line...","LG","9250.91","988"
"238","Epic Gizmo","Books","Our product is designed to...","Kraft","5333.0","536"
"239","Super Gizmo","Toys","Our product is the solution for...","Sony","6953.1","100"
"240","Mighty Doodad","Home","Looking for a product that can...","Adidas","35.17","400"
"241","Mighty Doodad","Beauty","Our product is the solution for...","Sony","1343.82","309"
"242","Mega Thingamajig","Beauty","Introducing the newest addition to our product line...","P&G","4610.41","383"
"243","Mighty Doodad","Beauty","Looking for a product that can...","Unilever","2874.82","830"
"244","Mega Thingamajig","Toys","This product is perfect for those who want to...","Unilever","9947.61","63"
"245","Ultimate Doohickey","Home","This product is perfect for those who want to...","Kraft","5597.63","832"
"246","Ultimate Doohickey","Books","Our product is designed to...","Nestle","8971.91","279"
"247","Mega Thingamajig","Food","Our product is the solution for...","Samsung","6909.69","888"
"248","Acme Widget","Clothing","Looking for a product that can...","Kraft","5294.74","599"
"249","Extreme Whatchamacallit","Books","Looking for a product that can...","Sony","8661.32","559"
"250","Super Gizmo","Sports","This product is perfect for those who want to...","Nike","7331.79","962"
"251","Epic Gizmo","Electronics","Our product is the solution for...","LG","3675.0","32"
"252","Epic Gizmo","Electronics","Looking for a product that can...","Apple","3110.2","421"
"253","Epic Gizmo","Electronics","Introducing the newest addition to our product line...","Kraft","2600.59","299"
"254","Mega Thingamajig","Books","Our product is the solution for...","Kraft","2040.86","164"
"255","Mega Thingamajig","Beauty","Introducing the newest addition to our product line...","Adidas","588.6","895"
"256","Turbo Gismo","Beauty","This product is perfect for those who want to...","Nike","8345.25","752"
"257","Super Gizmo","Electronics","This product is perfect for those who want to...","Kraft","2074.2","937"
"258","Extreme Whatchamacallit","Food","Looking for a product that can...","Adidas","4782.33","437"
"259","Super Gizmo","Electronics","Looking for a product that can...","Kraft","5024.25","670"
"260","Epic Gizmo","Beauty","Our product is the solution for...","Nike","5055.51","120"
"261","Mega Thingamajig","Home","This product is perfect for those who want to...","Sony","5553.6","932"
"262","Acme Widget","Beauty","This product is perfect for those who want to...","Nike","6227.55","272"
"263","Hyper Gadget","Toys","This product is perfect for those who want to...","Nike","3418.41","989"
"264","Powerful Grommet","Toys","Our product is designed to...","LG","4290.53","181"
"265","Hyper Gadget","Clothing","Our product is the solution for...","Apple","8121.78","274"
"266","Powerful Grommet","Food","Our product is designed to...","Kraft","5078.06","361"
"267","Extreme Whatchamacallit","Books","Our product is designed to...","P&G","7320.23","481"
"268","Acme Widget","Beauty","This product is perfect for those who want to...","LG","5968.84","435"
"269","Extreme Whatchamacallit","Clothing","Our product is designed to...","Nestle","9431.94","471"
"270","Acme Widget","Sports","Introducing the newest addition to our product line...","Nestle","3673.41","95"
"271","Turbo Gismo","Toys","Our product is the solution for...","Kraft","182.02","496"
"272","Epic Gizmo","Beauty","Our product is the solution for...","P&G","1895.33","472"
"273","Ultimate Doohickey","Clothing","Introducing the newest addition to our product line...","Sony","3190.66","639"
"274","Turbo Gismo","Books","Introducing the newest addition to our product line...","Sony","3586.04","79"
"275","Ultimate Doohickey","Home","This product is perfect for those who want to...","Samsung","6629.89","48"
"276","Extreme Whatchamacallit","Clothing","Our product is designed to...","Samsung","8061.1","266"
"277","Turbo Gismo","Home","Our product is designed to...","Sony","2131.19","502"
"278","Mighty Doodad","Books","Our product is the solution for...","LG","9610.59","267"
"279","Acme Widget","Toys","Our product is designed to...","Sony","4455.2","7"
"280","Mighty Doodad","Clothing","Our product is the solution for...","LG","5979.88","437"
"281","Powerful Grommet","Sports","Our product is designed to...","LG","1190.09","633"
"282","Acme Widget","Books","Our product is the solution for...","P&G","8213.76","621"
"283","Powerful Grommet","Toys","This product is perfect for those who want to...","Samsung","2627.09","365"
"284","Super Gizmo","Sports","Introducing the newest addition to our product line...","LG","5973.5","381"
"285","Extreme Whatchamacallit","Beauty","Our product is the solution for...","Kraft","7039.32","191"
"286","Turbo Gismo","Toys","Our product is the solution for...","LG","4272.15","341"
"287","Mighty Doodad","Electronics","This product is perfect for those who want to...","Samsung","6182.75","645"
"288","Extreme Whatchamacallit","Food","Introducing the newest addition to our product line...","LG","6797.98","611"
"289","Acme Widget","Food","Introducing the newest addition to our product line...","Apple","10.04","8"
"290","Super Gizmo","Beauty","Introducing the newest addition to our product line...","Kraft","3513.41","988"
"291","Super Gizmo","Sports","Looking for a product that can...","Samsung","3256.31","416"
"292","Super Gizmo","Toys","Looking for a product that can...","LG","2409.46","567"
"293","Ultimate Doohickey","Food","Our product is the solution for...","P&G","9929.62","211"
"294","Ultimate Doohickey","Clothing","Our product is designed to...","Kraft","6764.2","288"
"295","Ultimate Doohickey","Books","Our product is designed to...","Apple","7201.58","193"
"296","Mighty Doodad","Home","Our product is designed to...","Samsung","1371.8","157"
"297","Acme Widget","Electronics","Introducing the newest addition to our product line...","Nestle","2131.08","121"
"298","Super Gizmo","Food","Our product is designed to...","LG","8467.49","955"
"299","Extreme Whatchamacallit","Books","This product is perfect for those who want to...","Kraft","4179.35","713"
"300","Mega Thingamajig","Home","Our product is the solution for...","Apple","6369.52","106"
"301","Super Gizmo","Sports","Introducing the newest addition to our product line...","Samsung","7900.06","538"
"302","Mega Thingamajig","Food","Looking for a product that can...","Nestle","3300.01","760"
"303","Turbo Gismo","Home","Looking for a product that can...","Adidas","5805.55","19"
"304","Epic Gizmo","Electronics","Our product is the solution for...","Samsung","3339.55","412"
"305","Turbo Gismo","Electronics","This product is perfect for those who want to...","Samsung","7905.96","285"
"306","Epic Gizmo","Toys","This product is perfect for those who want to...","Nike","7312.11","95"
"307","Super Gizmo","Food","This product is perfect for those who want to...","Nike","262.1","977"
"308","Extreme Whatchamacallit","Electronics","Introducing the newest addition to our product line...","LG","3115.31","931"
"309","Hyper Gadget","Beauty","Our product is the solution for...","Nestle","5785.13","821"
"310","Extreme Whatchamacallit","Sports","Our product is designed to...","Sony","2084.81","570"
"311","Mighty Doodad","Beauty","This product is perfect for those who want to...","Adidas","487.68","556"
"312","Hyper Gadget","Home","Looking for a product that can...","Nike","8111.55","71"
"313","Turbo Gismo","Beauty","Our product is the solution for...","Adidas","6885.3","974"
"314","Epic Gizmo","Books","Introducing the newest addition to our product line...","Apple","3700.19","80"
"315","Powerful Grommet","Clothing","Looking for a product that can...","Apple","7645.17","528"
"316","Mega Thingamajig","Clothing","Looking for a product that can...","Unilever","91.49","53"
"317","Super Gizmo","Books","Looking for a product that can...","Sony","1784.69","409"
"318","Extreme Whatchamacallit","Toys","Looking for a product that can...","LG","6011.37","662"
"319","Super Gizmo","Toys","Our product is the solution for...","Unilever","9097.42","686"
"320","Powerful Grommet","Sports","Our product is designed to...","Sony","5707.98","826"
"321","Powerful Grommet","Beauty","Introducing the newest addition to our product line...","Adidas","1015.51","371"
"322","Hyper Gadget","Clothing","Our product is the solution for...","Nestle","1458.53","152"
"323","Ultimate Doohickey","Food","Introducing the newest addition to our product line...","Apple","1326.34","219"
"324","Extreme Whatchamacallit","Beauty","This product is perfect for those who want to...","Samsung","2348.94","650"
"325","Powerful Grommet","Food","Our product is the solution for...","Samsung","9296.12","583"
"326","Extreme Whatchamacallit","Home","Our product is the solution for...","P&G","7562.1","300"
"327","Epic Gizmo","Electronics","Introducing the newest addition to our product line...","Unilever","9318.22","226"
"328","Hyper Gadget","Toys","Our product is designed to...","P&G","9345.89","873"
"329","Acme Widget","Food","Introducing the newest addition to our product line...","Kraft","2978.75","828"
"330","Epic Gizmo","Books","Introducing the newest addition to our product line...","Nike","5371.63","877"
"331","Powerful Grommet","Sports","Our product is the solution for...","Unilever","5679.19","686"
"332","Epic Gizmo","Electronics","Looking for a product that can...","Nike","5736.93","807"
"333","Hyper Gadget","Food","Our product is designed to...","P&G","4326.22","742"
"334","Ultimate Doohickey","Food","Our product is designed to...","P&G","1328.56","186"
"335","Mighty Doodad","Clothing","Our product is the solution for...","Adidas","149.76","117"
"336","Epic Gizmo","Home","Our product is the solution for...","Sony","3833.41","669"
"337","Acme Widget","Electronics","Our product is the solution for...","Adidas","6778.51","295"
"338","Extreme Whatchamacallit","Home","Introducing the newest addition to our product line...","Nestle","5121.73","117"
"339","Mighty Doodad","Sports","Our product is designed to...","Apple","2708.31","685"
"340","Turbo Gismo","Sports","Looking for a product that can...","Kraft","3746.11","241"
"341","Powerful Grommet","Books","Introducing the newest addition to our product line...","Nike","1826.91","281"
"342","Epic Gizmo","Food","Introducing the newest addition to our product line...","Adidas","1336.7","104"
"343","Mega Thingamajig","Toys","Looking for a product that can...","P&G","2877.59","110"
"344","Powerful Grommet","Toys","This product is perfect for those who want to...","Unilever","116.59","301"
"345","Ultimate Doohickey","Food","Introducing the newest addition to our product line...","LG","6511.11","17"
"346","Epic Gizmo","Books","This product is perfect for those who want to...","LG","5352.41","223"
"347","Ultimate Doohickey","Home","Our product is designed to...","Samsung","2934.23","406"
"348","Powerful Grommet","Books","Introducing the newest addition to our product line...","Nestle","861.65","908"
"349","Acme Widget","Beauty","Our product is the solution for...","P&G","4265.67","895"
"350","Turbo Gismo","Sports","Our product is designed to...","P&G","1604.62","41"
"351","Epic Gizmo","Sports","Our product is designed to...","Unilever","6552.26","425"
"352","Mega Thingamajig","Food","Our product is the solution for...","Adidas","2566.7","99"
"353","Mighty Doodad","Food","Our product is designed to...","Apple","393.39","228"
"354","Extreme Whatchamacallit","Sports","Introducing the newest addition to our product line...","Samsung","1222.16","501"
"355","Mighty Doodad","Sports","Introducing the newest addition to our product line...","Kraft","9722.65","691"
"356","Hyper Gadget","Beauty","Our product is designed to...","P&G","8169.5","375"
"357","Hyper Gadget","Electronics","This product is perfect for those who want to...","P&G","422.87","301"
"358","Hyper Gadget","Toys","This product is perfect for those who want to...","Sony","1209.7","937"
"359","Ultimate Doohickey","Books","Looking for a product that can...","Kraft","5368.38","297"
"360","Ultimate Doohickey","Books","Looking for a product that can...","Kraft","5585.87","602"
"361","Epic Gizmo","Electronics","Introducing the newest addition to our product line...","Apple","8554.18","773"
"362","Ultimate Doohickey","Food","Looking for a product that can...","Nestle","8829.72","321"
"363","Super Gizmo","Sports","Our product is designed to...","Samsung","6390.07","584"
"364","Mega Thingamajig","Books","Our product is designed to...","Nestle","8940.01","768"
"365","Mighty Doodad","Beauty","This product is perfect for those who want to...","P&G","7657.01","825"
"366","Ultimate Doohickey","Toys","Our product is the solution for...","P&G","377.61","273"
"367","Mighty Doodad","Books","Introducing the newest addition to our product line...","Sony","933.32","562"
"368","Extreme Whatchamacallit","Toys","Introducing the newest addition to our product line...","LG","4055.37","559"
"369","Extreme Whatchamacallit","Clothing","Our product is designed to...","Adidas","9873.79","824"
"370","Epic Gizmo","Toys","This product is perfect for those who want to...","Apple","9155.32","665"
"371","Extreme Whatchamacallit","Sports","This product is perfect for those who want to...","Nike","5888.66","330"
"372","Mega Thingamajig","Books","Our product is the solution for...","Nike","8419.61","292"
"373","Epic Gizmo","Home","Our product is the solution for...","Nike","3058.32","753"
"374","Extreme Whatchamacallit","Food","Looking for a product that can...","P&G","5570.88","840"
"375","Epic Gizmo","Home","Looking for a product that can...","Nike","8372.04","659"
"376","Super Gizmo","Home","This product is perfect for those who want to...","P&G","6728.4","530"
"377","Turbo Gismo","Sports","Our product is the solution for...","Nestle","1818.67","66"
"378","Powerful Grommet","Home","Looking for a product that can...","Adidas","2373.83","538"
"379","Epic Gizmo","Sports","Our product is designed to...","Kraft","2791.13","666"
"380","Turbo Gismo","Clothing","Our product is designed to...","P&G","8235.31","523"
"381","Extreme Whatchamacallit","Food","This product is perfect for those who want to...","Apple","9176.91","6"
"382","Powerful Grommet","Food","Introducing the newest addition to our product line...","Kraft","6260.56","916"
"383","Acme Widget","Books","Our product is the solution for...","P&G","1917.98","262"
"384","Mega Thingamajig","Beauty","Our product is the solution for...","Nike","9352.34","38"
"385","Epic Gizmo","Books","Introducing the newest addition to our product line...","Adidas","4725.04","297"
"386","Ultimate Doohickey","Home","Looking for a product that can...","Nike","4596.92","381"
"387","Epic Gizmo","Beauty","Our product is the solution for...","Nestle","2046.26","347"
"388","Mega Thingamajig","Beauty","Looking for a product that can...","Nestle","5747.04","852"
"389","Ultimate Doohickey","Toys","Our product is the solution for...","Nike","2414.29","374"
"390","Epic Gizmo","Sports","Our product is the solution for...","Kraft","4049.8","365"
"391","Acme Widget","Toys","Looking for a product that can...","Adidas","6580.29","990"
"392","Super Gizmo","Beauty","Our product is designed to...","Apple","2336.17","662"
"393","Epic Gizmo","Electronics","This product is perfect for those who want to...","Nestle","2708.51","832"
"394","Acme Widget","Toys","Introducing the newest addition to our product line...","Nike","280.88","205"
"395","Extreme Whatchamacallit","Home","This product is perfect for those who want to...","Kraft","5616.24","744"
"396","Ultimate Doohickey","Home","This product is perfect for those who want to...","Adidas","6830.07","172"
"397","Epic Gizmo","Clothing","Our product is designed to...","LG","5998.1","104"
"398","Super Gizmo","Clothing","Our product is the solution for...","Nestle","5486.17","285"
"399","Extreme Whatchamacallit","Beauty","Looking for a product that can...","Adidas","4051.78","925"
"400","Epic Gizmo","Home","Looking for a product that can...","Nike","5521.93","835"
"401","Ultimate Doohickey","Home","Introducing the newest addition to our product line...","Kraft","8100.84","583"
"402","Powerful Grommet","Food","Our product is the solution for...","Apple","4502.02","853"
"403","Hyper Gadget","Home","Introducing the newest addition to our product line...","Samsung","6507.39","640"
"404","Super Gizmo","Food","Our product is designed to...","Nike","3691.24","952"
"405","Ultimate Doohickey","Books","Looking for a product that can...","Samsung","4632.32","606"
"406","Turbo Gismo","Sports","This product is perfect for those who want to...","LG","6835.27","952"
"407","Hyper Gadget","Electronics","This product is perfect for those who want to...","Apple","9878.41","239"
"408","Ultimate Doohickey","Food","This product is perfect for those who want to...","Nike","4256.23","96"
"409","Turbo Gismo","Sports","Introducing the newest addition to our product line...","LG","1400.99","108"
"410","Extreme Whatchamacallit","Clothing","Looking for a product that can...","Apple","7906.13","287"
"411","Powerful Grommet","Home","Looking for a product that can...","P&G","9335.33","652"
"412","Epic Gizmo","Clothing","Looking for a product that can...","Samsung","4287.29","473"
"413","Acme Widget","Food","Looking for a product that can...","LG","2896.73","737"
"414","Acme Widget","Electronics","Introducing the newest addition to our product line...","LG","9183.26","933"
"415","Mega Thingamajig","Beauty","Introducing the newest addition to our product line...","Apple","4067.2","211"
"416","Acme Widget","Toys","Introducing the newest addition to our product line...","Unilever","1591.59","872"
"417","Mega Thingamajig","Clothing","This product is perfect for those who want to...","Samsung","2020.78","252"
"418","Powerful Grommet","Toys","This product is perfect for those who want to...","Nestle","2908.85","180"
"419","Mega Thingamajig","Home","Our product is designed to...","Apple","5612.85","830"
"420","Acme Widget","Food","Our product is designed to...","Nestle","8642.04","539"
"421","Mega Thingamajig","Electronics","Our product is designed to...","Unilever","137.33","450"
"422","Super Gizmo","Beauty","Our product is the solution for...","Nestle","3606.79","868"
"423","Epic Gizmo","Beauty","This product is perfect for those who want to...","Sony","8692.11","488"
"424","Super Gizmo","Sports","Our product is the solution for...","Adidas","6243.08","0"
"425","Extreme Whatchamacallit","Food","This product is perfect for those who want to...","Unilever","7832.64","427"
"426","Acme Widget","Electronics","Our product is designed to...","Adidas","3119.49","50"
"427","Mega Thingamajig","Books","Our product is the solution for...","P&G","2216.97","15"
"428","Hyper Gadget","Electronics","Our product is the solution for...","Samsung","1960.2","624"
"429","Mighty Doodad","Books","This product is perfect for those who want to...","Kraft","9814.04","55"
"430","Ultimate Doohickey","Books","Our product is the solution for...","Samsung","8783.79","967"
"431","Mighty Doodad","Clothing","Our product is designed to...","Samsung","5858.92","658"
"432","Powerful Grommet","Books","Our product is designed to...","Kraft","101.88","493"
"433","Super Gizmo","Toys","Introducing the newest addition to our product line...","Apple","4626.82","957"
"434","Turbo Gismo","Toys","This product is perfect for those who want to...","LG","7457.16","132"
"435","Epic Gizmo","Clothing","This product is perfect for those who want to...","Sony","1257.72","395"
"436","Ultimate Doohickey","Sports","Looking for a product that can...","P&G","3488.2","771"
"437","Mighty Doodad","Books","Looking for a product that can...","Nestle","1116.65","318"
"438","Hyper Gadget","Food","Our product is designed to...","Samsung","8812.82","985"
"439","Mighty Doodad","Electronics","This product is perfect for those who want to...","Nike","2247.31","96"
"440","Epic Gizmo","Food","Our product is the solution for...","Sony","3974.23","318"
"441","Extreme Whatchamacallit","Food","Introducing the newest addition to our product line...","Samsung","3128.92","660"
"442","Mega Thingamajig","Electronics","Our product is designed to...","P&G","6233.97","28"
"443","Mighty Doodad","Sports","This product is perfect for those who want to...","Kraft","1392.82","66"
"444","Turbo Gismo","Electronics","Our product is designed to...","LG","878.39","616"
"445","Mega Thingamajig","Electronics","Introducing the newest addition to our product line...","Nestle","5789.36","678"
"446","Ultimate Doohickey","Toys","This product is perfect for those who want to...","Adidas","5504.05","38"
"447","Mighty Doodad","Toys","Looking for a product that can...","LG","1453.37","832"
"448","Epic Gizmo","Food","This product is perfect for those who want to...","Sony","4525.63","531"
"449","Powerful Grommet","Clothing","This product is perfect for those who want to...","Nike","6649.68","779"
"450","Mega Thingamajig","Food","This product is perfect for those who want to...","Nestle","2799.55","582"
"451","Hyper Gadget","Food","Our product is the solution for...","Adidas","7401.84","836"
"452","Turbo Gismo","Toys","Introducing the newest addition to our product line...","LG","8265.66","842"
"453","Super Gizmo","Books","Looking for a product that can...","Adidas","3773.75","678"
"454","Powerful Grommet","Toys","Our product is designed to...","Nike","1835.04","8"
"455","Ultimate Doohickey","Sports","Introducing the newest addition to our product line...","LG","9816.13","508"
"456","Epic Gizmo","Food","Our product is the solution for...","Nestle","8760.17","224"
"457","Epic Gizmo","Beauty","This product is perfect for those who want to...","Apple","8162.79","796"
"458","Hyper Gadget","Electronics","Introducing the newest addition to our product line...","Samsung","2340.73","445"
"459","Ultimate Doohickey","Home","Introducing the newest addition to our product line...","Adidas","1878.54","589"
"460","Extreme Whatchamacallit","Home","This product is perfect for those who want to...","Kraft","175.99","846"
"461","Super Gizmo","Home","Introducing the newest addition to our product line...","Nike","2920.58","748"
"462","Turbo Gismo","Food","This product is perfect for those who want to...","Unilever","2547.31","453"
"463","Super Gizmo","Books","Our product is the solution for...","LG","6689.36","59"
"464","Acme Widget","Food","Introducing the newest addition to our product line...","LG","8208.61","27"
"465","Extreme Whatchamacallit","Books","Our product is the solution for...","Sony","9039.93","415"
"466","Epic Gizmo","Food","Looking for a product that can...","Kraft","6233.08","315"
"467","Mega Thingamajig","Electronics","Our product is designed to...","P&G","6401.74","860"
"468","Powerful Grommet","Clothing","Our product is the solution for...","Sony","8046.64","846"
"469","Mighty Doodad","Beauty","This product is perfect for those who want to...","Kraft","95.6","886"
"470","Mega Thingamajig","Electronics","Looking for a product that can...","Adidas","7028.22","800"
"471","Ultimate Doohickey","Sports","Our product is the solution for...","Kraft","9547.66","682"
"472","Super Gizmo","Beauty","Introducing the newest addition to our product line...","Unilever","8661.44","763"
"473","Turbo Gismo","Sports","Introducing the newest addition to our product line...","Kraft","8578.53","107"
"474","Extreme Whatchamacallit","Clothing","Our product is designed to...","Samsung","5012.64","758"
"475","Ultimate Doohickey","Toys","Our product is designed to...","LG","6734.53","498"
"476","Mega Thingamajig","Home","Introducing the newest addition to our product line...","Samsung","5655.03","441"
"477","Ultimate Doohickey","Clothing","Looking for a product that can...","Unilever","1435.64","668"
"478","Mighty Doodad","Toys","Looking for a product that can...","Apple","3101.39","462"
"479","Super Gizmo","Food","Our product is the solution for...","Adidas","2667.19","846"
"480","Extreme Whatchamacallit","Food","Introducing the newest addition to our product line...","Sony","9090.37","615"
"481","Super Gizmo","Books","Our product is the solution for...","Samsung","6159.92","755"
"482","Turbo Gismo","Books","Our product is the solution for...","Adidas","4271.01","65"
"483","Extreme Whatchamacallit","Clothing","Introducing the newest addition to our product line...","Sony","4717.51","232"
"484","Acme Widget","Books","This product is perfect for those who want to...","Nike","8534.32","102"
"485","Extreme Whatchamacallit","Home","Our product is the solution for...","Kraft","3131.92","416"
"486","Epic Gizmo","Home","Our product is the solution for...","Nike","1058.73","299"
"487","Turbo Gismo","Beauty","Our product is designed to...","Nestle","5304.54","38"
"488","Mega Thingamajig","Books","This product is perfect for those who want to...","Kraft","2596.55","700"
"489","Epic Gizmo","Sports","Looking for a product that can...","Unilever","9151.51","723"
"490","Epic Gizmo","Toys","Introducing the newest addition to our product line...","Apple","3505.86","656"
"491","Ultimate Doohickey","Toys","Our product is designed to...","Apple","4674.13","890"
"492","Acme Widget","Toys","This product is perfect for those who want to...","LG","9668.85","793"
"493","Turbo Gismo","Electronics","Introducing the newest addition to our product line...","Kraft","2073.32","488"
"494","Powerful Grommet","Sports","Looking for a product that can...","Samsung","7857.72","441"
"495","Acme Widget","Toys","Looking for a product that can...","Sony","2424.14","546"
"496","Mighty Doodad","Food","Our product is the solution for...","P&G","8344.17","366"
"497","Epic Gizmo","Food","Introducing the newest addition to our product line...","LG","6254.7","24"
"498","Mighty Doodad","Food","Introducing the newest addition to our product line...","Nike","9935.08","495"
"499","Extreme Whatchamacallit","Food","This product is perfect for those who want to...","Nike","4137.89","851"
"500","Turbo Gismo","Electronics","Our product is the solution for...","Unilever","62.52","676"
"501","Ultimate Doohickey","Sports","Introducing the newest addition to our product line...","Sony","381.58","868"
"502","Extreme Whatchamacallit","Sports","Our product is the solution for...","Nike","9510.76","972"
"503","Mighty Doodad","Food","Introducing the newest addition to our product line...","P&G","21.91","72"
"504","Powerful Grommet","Sports","Our product is designed to...","Adidas","589.1","957"
"505","Super Gizmo","Toys","Our product is the solution for...","P&G","8175.01","687"
"506","Epic Gizmo","Books","Looking for a product that can...","Sony","9924.93","992"
"507","Mega Thingamajig","Electronics","Our product is designed to...","Nike","5591.82","766"
"508","Mighty Doodad","Toys","Our product is designed to...","Apple","8742.39","497"
"509","Super Gizmo","Toys","Introducing the newest addition to our product line...","LG","1943.04","32"
"510","Extreme Whatchamacallit","Toys","This product is perfect for those who want to...","Samsung","5416.81","188"
"511","Mega Thingamajig","Books","This product is perfect for those who want to...","Samsung","5228.08","116"
"512","Ultimate Doohickey","Beauty","Looking for a product that can...","Unilever","8135.83","858"
"513","Super Gizmo","Clothing","Looking for a product that can...","Samsung","9199.3","90"
"514","Acme Widget","Books","Introducing the newest addition to our product line...","LG","6765.37","282"
"515","Mighty Doodad","Sports","Introducing the newest addition to our product line...","Sony","9059.4","736"
"516","Acme Widget","Toys","Our product is the solution for...","Apple","4450.16","405"
"517","Ultimate Doohickey","Home","Introducing the newest addition to our product line...","LG","5516.15","263"
"518","Mighty Doodad","Books","This product is perfect for those who want to...","Nike","9841.58","730"
"519","Hyper Gadget","Food","Our product is designed to...","P&G","5292.44","384"
"520","Turbo Gismo","Books","Introducing the newest addition to our product line...","P&G","7487.68","958"
"521","Mighty Doodad","Electronics","This product is perfect for those who want to...","Kraft","2708.21","919"
"522","Mega Thingamajig","Books","Our product is designed to...","Kraft","404.35","950"
"523","Super Gizmo","Clothing","Our product is designed to...","Adidas","1878.45","218"
"524","Extreme Whatchamacallit","Books","Our product is the solution for...","LG","8702.17","780"
"525","Super Gizmo","Sports","Looking for a product that can...","Samsung","7156.26","494"
"526","Mighty Doodad","Toys","Our product is the solution for...","Kraft","348.62","671"
"527","Mega Thingamajig","Clothing","Looking for a product that can...","Samsung","7980.55","422"
"528","Super Gizmo","Beauty","Introducing the newest addition to our product line...","Unilever","3469.35","61"
"529","Super Gizmo","Food","Our product is the solution for...","Kraft","7026.66","623"
"530","Acme Widget","Clothing","Our product is designed to...","P&G","1547.13","493"
"531","Ultimate Doohickey","Toys","Introducing the newest addition to our product line...","Unilever","4709.42","410"
"532","Mighty Doodad","Sports","Our product is the solution for...","LG","9187.8","829"
"533","Mighty Doodad","Food","Introducing the newest addition to our product line...","Sony","1687.34","706"
"534","Mighty Doodad","Sports","This product is perfect for those who want to...","Apple","6277.3","668"
"535","Mighty Doodad","Beauty","This product is perfect for those who want to...","Nike","1077.28","197"
"536","Hyper Gadget","Toys","Our product is designed to...","Unilever","9580.9","500"
"537","Acme Widget","Books","Our product is the solution for...","Nestle","2292.63","976"
"538","Extreme Whatchamacallit","Home","Our product is designed to...","Kraft","7396.27","241"
"539","Acme Widget","Home","Our product is the solution for...","Unilever","9263.02","919"
"540","Ultimate Doohickey","Home","Our product is the solution for...","Nike","2817.78","48"
"541","Turbo Gismo","Beauty","Our product is designed to...","P&G","8507.35","430"
"542","Acme Widget","Toys","This product is perfect for those who want to...","Sony","3095.14","846"
"543","Turbo Gismo","Clothing","This product is perfect for those who want to...","Apple","6054.94","581"
"544","Mighty Doodad","Books","This product is perfect for those who want to...","Nike","9867.08","369"
"545","Ultimate Doohickey","Toys","Our product is the solution for...","Adidas","2804.13","641"
"546","Powerful Grommet","Home","Our product is the solution for...","Nike","4166.37","973"
"547","Hyper Gadget","Food","Looking for a product that can...","Apple","5401.28","428"
"548","Ultimate Doohickey","Books","Our product is designed to...","LG","6418.43","587"
"549","Mighty Doodad","Books","This product is perfect for those who want to...","Apple","6568.82","456"
"550","Extreme Whatchamacallit","Home","Our product is designed to...","Sony","6261.23","650"
"551","Hyper Gadget","Sports","Looking for a product that can...","Nike","2648.54","998"
"552","Turbo Gismo","Books","Our product is designed to...","Unilever","3563.11","810"
"553","Ultimate Doohickey","Home","Our product is the solution for...","Samsung","469.12","184"
"554","Acme Widget","Books","This product is perfect for those who want to...","Kraft","3059.29","704"
"555","Turbo Gismo","Food","This product is perfect for those who want to...","Nike","3843.7","794"
"556","Powerful Grommet","Toys","This product is perfect for those who want to...","Unilever","8665.43","397"
"557","Hyper Gadget","Clothing","Our product is designed to...","Nike","7133.02","185"
"558","Hyper Gadget","Clothing","Our product is the solution for...","Nike","6961.4","510"
"559","Hyper Gadget","Books","Our product is the solution for...","Nestle","813.42","371"
"560","Powerful Grommet","Electronics","Our product is the solution for...","Nike","222.5","957"
"561","Extreme Whatchamacallit","Sports","Looking for a product that can...","Nike","1031.47","430"
"562","Extreme Whatchamacallit","Sports","Our product is designed to...","Sony","9295.03","301"
"563","Acme Widget","Sports","Our product is the solution for...","Samsung","175.4","0"
"564","Hyper Gadget","Clothing","Our product is the solution for...","Apple","8605.69","308"
"565","Super Gizmo","Clothing","Looking for a product that can...","Adidas","4098.25","559"
"566","Powerful Grommet","Food","Our product is designed to...","Samsung","1357.38","977"
"567","Acme Widget","Electronics","Looking for a product that can...","Nike","170.31","577"
"568","Hyper Gadget","Clothing","Our product is designed to...","Apple","8779.12","722"
"569","Turbo Gismo","Books","Looking for a product that can...","Sony","9891.84","543"
"570","Powerful Grommet","Sports","This product is perfect for those who want to...","Nike","2616.42","762"
"571","Ultimate Doohickey","Clothing","This product is perfect for those who want to...","Samsung","8227.73","350"
"572","Mega Thingamajig","Books","Looking for a product that can...","Samsung","3452.38","706"
"573","Powerful Grommet","Electronics","This product is perfect for those who want to...","Samsung","8304.42","250"
"574","Extreme Whatchamacallit","Clothing","Our product is the solution for...","Samsung","3911.19","4"
"575","Ultimate Doohickey","Clothing","Looking for a product that can...","Sony","2986.19","35"
"576","Epic Gizmo","Food","Introducing the newest addition to our product line...","Kraft","8036.12","79"
"577","Super Gizmo","Electronics","Our product is the solution for...","Nike","9128.21","822"
"578","Super Gizmo","Electronics","Our product is the solution for...","Nestle","766.34","446"
"579","Mega Thingamajig","Electronics","This product is perfect for those who want to...","Unilever","7543.13","984"
"580","Mega Thingamajig","Beauty","Introducing the newest addition to our product line...","Unilever","591.53","86"
"581","Turbo Gismo","Electronics","Looking for a product that can...","Adidas","3211.84","308"
"582","Mighty Doodad","Clothing","Looking for a product that can...","Nike","8802.28","774"
"583","Hyper Gadget","Electronics","Looking for a product that can...","Nestle","3935.01","195"
"584","Ultimate Doohickey","Electronics","Our product is designed to...","P&G","9468.57","750"
"585","Hyper Gadget","Sports","Our product is the solution for...","Sony","2523.53","974"
"586","Ultimate Doohickey","Food","Introducing the newest addition to our product line...","Kraft","2885.36","210"
"587","Hyper Gadget","Sports","Looking for a product that can...","Sony","1249.34","241"
"588","Epic Gizmo","Electronics","This product is perfect for those who want to...","Sony","528.59","87"
"589","Mighty Doodad","Toys","Our product is the solution for...","LG","236.8","502"
"590","Turbo Gismo","Toys","This product is perfect for those who want to...","Kraft","5076.68","638"
"591","Powerful Grommet","Toys","Our product is designed to...","P&G","1824.6","16"
"592","Extreme Whatchamacallit","Books","Our product is designed to...","Apple","1157.09","572"
"593","Turbo Gismo","Home","Looking for a product that can...","Unilever","2480.57","435"
"594","Mighty Doodad","Home","Introducing the newest addition to our product line...","LG","40.8","204"
"595","Turbo Gismo","Books","Our product is designed to...","Adidas","8045.23","484"
"596","Super Gizmo","Clothing","This product is perfect for those who want to...","P&G","3262.48","478"
"597","Extreme Whatchamacallit","Sports","Introducing the newest addition to our product line...","Nestle","4372.39","263"
"598","Epic Gizmo","Electronics","Our product is designed to...","P&G","5970.87","213"
"599","Powerful Grommet","Sports","Introducing the newest addition to our product line...","Samsung","4598.87","265"
"600","Turbo Gismo","Toys","Introducing the newest addition to our product line...","P&G","1423.58","135"
"601","Turbo Gismo","Home","Our product is designed to...","Sony","8945.02","335"
"602","Mega Thingamajig","Beauty","Our product is designed to...","Sony","9948.91","476"
"603","Extreme Whatchamacallit","Toys","Introducing the newest addition to our product line...","Nestle","5687.68","592"
"604","Turbo Gismo","Beauty","Our product is designed to...","LG","2424.16","522"
"605","Mighty Doodad","Food","Our product is the solution for...","P&G","889.87","578"
"606","Ultimate Doohickey","Clothing","Introducing the newest addition to our product line...","Nike","2599.97","508"
"607","Turbo Gismo","Clothing","This product is perfect for those who want to...","Nike","4204.04","362"
"608","Powerful Grommet","Home","Introducing the newest addition to our product line...","Adidas","1029.92","945"
"609","Acme Widget","Sports","Our product is the solution for...","Samsung","8610.52","833"
"610","Turbo Gismo","Toys","Our product is designed to...","Samsung","660.2","379"
"611","Extreme Whatchamacallit","Sports","This product is perfect for those who want to...","Adidas","4597.7","540"
"612","Super Gizmo","Food","Our product is the solution for...","Apple","4301.49","568"
"613","Powerful Grommet","Sports","Our product is the solution for...","Adidas","4353.82","524"
"614","Super Gizmo","Sports","Looking for a product that can...","P&G","662.17","363"
"615","Mega Thingamajig","Beauty","This product is perfect for those who want to...","Nestle","2646.79","399"
"616","Hyper Gadget","Electronics","Our product is the solution for...","Nestle","8399.78","137"
"617","Extreme Whatchamacallit","Books","Looking for a product that can...","P&G","7968.28","161"
"618","Epic Gizmo","Electronics","Looking for a product that can...","Sony","7436.82","996"
"619","Mega Thingamajig","Clothing","Our product is the solution for...","Apple","1820.15","119"
"620","Super Gizmo","Home","Our product is designed to...","Kraft","2200.47","720"
"621","Hyper Gadget","Sports","Introducing the newest addition to our product line...","Kraft","5979.45","110"
"622","Super Gizmo","Electronics","This product is perfect for those who want to...","Nestle","4335.95","498"
"623","Hyper Gadget","Toys","Introducing the newest addition to our product line...","LG","8493.58","562"
"624","Powerful Grommet","Home","Introducing the newest addition to our product line...","Nike","5390.58","280"
"625","Mega Thingamajig","Sports","This product is perfect for those who want to...","Apple","5274.09","812"
"626","Mighty Doodad","Beauty","Our product is designed to...","Samsung","2109.14","172"
"627","Super Gizmo","Clothing","Our product is the solution for...","Kraft","2365.68","839"
"628","Mighty Doodad","Beauty","Looking for a product that can...","LG","8122.26","416"
"629","Ultimate Doohickey","Food","Looking for a product that can...","Nike","2156.91","736"
"630","Super Gizmo","Home","This product is perfect for those who want to...","Adidas","7333.19","145"
"631","Epic Gizmo","Sports","Introducing the newest addition to our product line...","Nestle","2652.0","880"
"632","Powerful Grommet","Beauty","This product is perfect for those who want to...","Adidas","845.3","475"
"633","Extreme Whatchamacallit","Books","This product is perfect for those who want to...","Nike","6230.64","125"
"634","Epic Gizmo","Books","Our product is the solution for...","Kraft","5596.12","505"
"635","Hyper Gadget","Toys","Our product is the solution for...","Adidas","293.84","478"
"636","Acme Widget","Books","Our product is designed to...","Unilever","2975.07","751"
"637","Super Gizmo","Toys","Our product is designed to...","Nike","8532.03","226"
"638","Super Gizmo","Sports","Our product is designed to...","P&G","2660.96","206"
"639","Powerful Grommet","Books","Looking for a product that can...","LG","5233.86","790"
"640","Hyper Gadget","Clothing","Our product is the solution for...","Kraft","4040.36","106"
"641","Super Gizmo","Books","Our product is designed to...","Samsung","4779.27","514"
"642","Powerful Grommet","Sports","Our product is the solution for...","Nestle","4194.78","386"
"643","Ultimate Doohickey","Home","Looking for a product that can...","Sony","6354.11","45"
"644","Acme Widget","Toys","Introducing the newest addition to our product line...","Samsung","8219.73","560"
"645","Epic Gizmo","Beauty","Our product is designed to...","Kraft","3925.53","556"
"646","Epic Gizmo","Toys","Looking for a product that can...","Kraft","8733.42","120"
"647","Ultimate Doohickey","Electronics","Our product is the solution for...","Unilever","1759.39","951"
"648","Hyper Gadget","Beauty","Our product is the solution for...","Adidas","8768.63","725"
"649","Acme Widget","Toys","Looking for a product that can...","Unilever","6963.43","996"
"650","Extreme Whatchamacallit","Books","Our product is the solution for...","Adidas","501.0","329"
"651","Mega Thingamajig","Beauty","This product is perfect for those who want to...","Nike","2169.14","522"
"652","Super Gizmo","Clothing","Our product is designed to...","LG","5907.5","309"
"653","Super Gizmo","Home","Our product is designed to...","Samsung","6405.24","357"
"654","Super Gizmo","Clothing","Our product is the solution for...","Nestle","9451.59","61"
"655","Mighty Doodad","Electronics","Our product is designed to...","Samsung","3519.67","355"
"656","Epic Gizmo","Home","Our product is designed to...","Apple","3217.42","631"
"657","Ultimate Doohickey","Home","This product is perfect for those who want to...","Samsung","9869.7","871"
"658","Mega Thingamajig","Books","Looking for a product that can...","P&G","3891.16","716"
"659","Acme Widget","Books","Looking for a product that can...","Kraft","5637.1","599"
"660","Extreme Whatchamacallit","Beauty","Introducing the newest addition to our product line...","Kraft","6316.64","41"
"661","Mega Thingamajig","Food","Introducing the newest addition to our product line...","Kraft","7491.89","235"
"662","Extreme Whatchamacallit","Books","Our product is the solution for...","Adidas","8277.0","113"
"663","Mighty Doodad","Clothing","Introducing the newest addition to our product line...","P&G","9097.79","409"
"664","Extreme Whatchamacallit","Beauty","Looking for a product that can...","Kraft","8222.04","204"
"665","Turbo Gismo","Clothing","Looking for a product that can...","Nestle","714.29","234"
"666","Ultimate Doohickey","Home","Our product is designed to...","LG","386.19","711"
"667","Mega Thingamajig","Electronics","Looking for a product that can...","Kraft","7872.94","970"
"668","Mega Thingamajig","Beauty","This product is perfect for those who want to...","Apple","5498.52","283"
"669","Turbo Gismo","Sports","Our product is the solution for...","Apple","7419.43","746"
"670","Hyper Gadget","Home","Our product is the solution for...","Unilever","6945.71","224"
"671","Super Gizmo","Clothing","Our product is designed to...","Nike","4151.54","362"
"672","Turbo Gismo","Food","Our product is the solution for...","Unilever","1446.99","929"
"673","Ultimate Doohickey","Books","Our product is the solution for...","Unilever","4617.94","463"
"674","Super Gizmo","Beauty","Our product is the solution for...","Sony","8155.6","551"
"675","Powerful Grommet","Clothing","Our product is the solution for...","Apple","7634.6","429"
"676","Hyper Gadget","Books","Our product is designed to...","Adidas","5347.53","504"
"677","Epic Gizmo","Home","Our product is the solution for...","P&G","6972.88","60"
"678","Turbo Gismo","Electronics","Our product is designed to...","Sony","9944.72","921"
"679","Acme Widget","Toys","Looking for a product that can...","Adidas","1253.13","222"
"680","Extreme Whatchamacallit","Sports","Our product is the solution for...","LG","8549.9","859"
"681","Mega Thingamajig","Sports","This product is perfect for those who want to...","Nestle","1124.92","741"
"682","Acme Widget","Books","Introducing the newest addition to our product line...","Nike","7824.65","126"
"683","Powerful Grommet","Sports","Our product is the solution for...","Adidas","8276.49","26"
"684","Extreme Whatchamacallit","Electronics","This product is perfect for those who want to...","Samsung","7111.36","510"
"685","Powerful Grommet","Electronics","This product is perfect for those who want to...","Samsung","5168.82","376"
"686","Mighty Doodad","Beauty","Introducing the newest addition to our product line...","LG","5273.96","383"
"687","Hyper Gadget","Electronics","Our product is the solution for...","P&G","5868.96","804"
"688","Mighty Doodad","Clothing","Introducing the newest addition to our product line...","LG","3158.95","996"
"689","Epic Gizmo","Home","Looking for a product that can...","Samsung","5100.81","192"
"690","Super Gizmo","Home","Our product is designed to...","Samsung","939.25","252"
"691","Mega Thingamajig","Clothing","Our product is the solution for...","Apple","1254.31","17"
"692","Epic Gizmo","Toys","Looking for a product that can...","Adidas","8672.58","595"
"693","Acme Widget","Sports","Our product is the solution for...","Kraft","5283.05","242"
"694","Turbo Gismo","Books","Our product is designed to...","Adidas","2365.52","235"
"695","Turbo Gismo","Food","Looking for a product that can...","Adidas","1862.16","696"
"696","Ultimate Doohickey","Books","Looking for a product that can...","LG","9818.95","208"
"697","Acme Widget","Home","Looking for a product that can...","Apple","7112.21","74"
"698","Super Gizmo","Sports","Looking for a product that can...","Nestle","4601.93","161"
"699","Hyper Gadget","Books","Our product is the solution for...","Kraft","8190.63","311"
"700","Extreme Whatchamacallit","Food","Introducing the newest addition to our product line...","Adidas","9399.49","767"
"701","Epic Gizmo","Beauty","Our product is designed to...","Nike","1297.18","757"
"702","Super Gizmo","Electronics","This product is perfect for those who want to...","Nike","4444.89","313"
"703","Super Gizmo","Sports","Introducing the newest addition to our product line...","LG","9288.75","547"
"704","Mighty Doodad","Food","Our product is the solution for...","Kraft","5695.5","766"
"705","Mega Thingamajig","Books","Our product is designed to...","Apple","4875.83","891"
"706","Extreme Whatchamacallit","Home","This product is perfect for those who want to...","Apple","2981.71","270"
"707","Ultimate Doohickey","Food","This product is perfect for those who want to...","P&G","2045.39","590"
"708","Turbo Gismo","Clothing","Our product is designed to...","Sony","6227.17","370"
"709","Super Gizmo","Clothing","This product is perfect for those who want to...","LG","6456.9","597"
"710","Mega Thingamajig","Beauty","Our product is the solution for...","P&G","781.37","322"
"711","Super Gizmo","Clothing","Our product is the solution for...","Unilever","6991.75","495"
"712","Super Gizmo","Sports","This product is perfect for those who want to...","Kraft","6007.89","577"
"713","Turbo Gismo","Toys","Looking for a product that can...","Adidas","9406.89","162"
"714","Epic Gizmo","Books","Our product is the solution for...","Nestle","12.21","244"
"715","Super Gizmo","Electronics","Our product is the solution for...","Nestle","7012.63","456"
"716","Ultimate Doohickey","Clothing","Introducing the newest addition to our product line...","Nestle","8963.84","481"
"717","Epic Gizmo","Food","Looking for a product that can...","Nestle","2583.54","566"
"718","Mighty Doodad","Electronics","Introducing the newest addition to our product line...","Sony","77.1","452"
"719","Mighty Doodad","Clothing","This product is perfect for those who want to...","Sony","1832.0","940"
"720","Hyper Gadget","Electronics","Our product is designed to...","P&G","5267.42","719"
"721","Super Gizmo","Sports","Our product is the solution for...","LG","7875.01","381"
"722","Mega Thingamajig","Toys","Looking for a product that can...","Nike","3641.11","533"
"723","Epic Gizmo","Food","Our product is the solution for...","P&G","4227.19","641"
"724","Hyper Gadget","Toys","Looking for a product that can...","Kraft","2577.45","941"
"725","Epic Gizmo","Electronics","Looking for a product that can...","Samsung","6259.92","191"
"726","Super Gizmo","Clothing","This product is perfect for those who want to...","Unilever","6015.2","171"
"727","Powerful Grommet","Electronics","Introducing the newest addition to our product line...","Unilever","4330.12","422"
"728","Mighty Doodad","Clothing","This product is perfect for those who want to...","Samsung","1625.53","46"
"729","Mighty Doodad","Beauty","Looking for a product that can...","Adidas","379.38","687"
"730","Turbo Gismo","Books","Our product is the solution for...","Sony","2943.48","57"
"731","Epic Gizmo","Electronics","This product is perfect for those who want to...","LG","1283.17","824"
"732","Acme Widget","Food","Introducing the newest addition to our product line...","Adidas","3957.21","289"
"733","Acme Widget","Toys","Our product is designed to...","Kraft","4084.71","815"
"734","Ultimate Doohickey","Toys","Our product is the solution for...","Sony","3080.96","640"
"735","Powerful Grommet","Sports","Looking for a product that can...","Adidas","2142.55","330"
"736","Hyper Gadget","Home","Our product is designed to...","Sony","3015.62","116"
"737","Acme Widget","Sports","Looking for a product that can...","Nestle","4760.12","677"
"738","Ultimate Doohickey","Toys","Our product is designed to...","Apple","5684.29","339"
"739","Mighty Doodad","Beauty","Introducing the newest addition to our product line...","P&G","3417.26","881"
"740","Acme Widget","Electronics","Our product is the solution for...","Nestle","1340.02","420"
"741","Extreme Whatchamacallit","Books","Introducing the newest addition to our product line...","Adidas","2414.75","436"
"742","Powerful Grommet","Electronics","Our product is the solution for...","Unilever","8622.05","82"
"743","Powerful Grommet","Toys","Introducing the newest addition to our product line...","Kraft","1156.16","871"
"744","Mighty Doodad","Home","Looking for a product that can...","Kraft","4591.35","284"
"745","Powerful Grommet","Toys","Our product is the solution for...","LG","9099.22","503"
"746","Extreme Whatchamacallit","Electronics","Our product is designed to...","Samsung","7357.63","896"
"747","Turbo Gismo","Food","Our product is designed to...","Kraft","2265.06","347"
"748","Ultimate Doohickey","Clothing","This product is perfect for those who want to...","Kraft","3902.79","497"
"749","Mega Thingamajig","Beauty","Introducing the newest addition to our product line...","Adidas","7493.76","627"
"750","Powerful Grommet","Food","Introducing the newest addition to our product line...","Kraft","186.46","385"
"751","Extreme Whatchamacallit","Electronics","Our product is the solution for...","Unilever","6376.51","26"
"752","Acme Widget","Toys","Our product is designed to...","Sony","5694.89","272"
"753","Mighty Doodad","Sports","Our product is designed to...","Apple","6167.61","274"
"754","Super Gizmo","Sports","Our product is the solution for...","Adidas","6214.4","144"
"755","Ultimate Doohickey","Food","Looking for a product that can...","P&G","7724.67","106"
"756","Ultimate Doohickey","Books","Our product is the solution for...","Kraft","7944.21","968"
"757","Extreme Whatchamacallit","Food","Our product is designed to...","Nike","2595.68","916"
"758","Extreme Whatchamacallit","Clothing","Looking for a product that can...","Nestle","2811.23","101"
"759","Mighty Doodad","Toys","Our product is the solution for...","LG","7930.89","323"
"760","Acme Widget","Electronics","Introducing the newest addition to our product line...","Adidas","5015.74","574"
"761","Acme Widget","Clothing","Our product is designed to...","Adidas","5094.51","866"
"762","Extreme Whatchamacallit","Books","Introducing the newest addition to our product line...","Sony","7410.1","431"
"763","Acme Widget","Books","Looking for a product that can...","Nestle","6892.71","477"
"764","Extreme Whatchamacallit","Clothing","Our product is designed to...","Nike","9426.37","908"
"765","Ultimate Doohickey","Clothing","Our product is designed to...","LG","4493.54","41"
"766","Super Gizmo","Electronics","Looking for a product that can...","Adidas","6668.15","541"
"767","Turbo Gismo","Toys","This product is perfect for those who want to...","Nike","51.82","417"
"768","Extreme Whatchamacallit","Beauty","Our product is designed to...","Nike","8736.5","849"
"769","Mighty Doodad","Beauty","Our product is designed to...","Nestle","1720.15","757"
"770","Extreme Whatchamacallit","Books","Looking for a product that can...","Sony","3414.75","392"
"771","Hyper Gadget","Electronics","Our product is designed to...","Nike","3718.15","898"
"772","Ultimate Doohickey","Food","This product is perfect for those who want to...","Nike","5741.09","435"
"773","Acme Widget","Books","Our product is designed to...","Adidas","4559.36","42"
"774","Mega Thingamajig","Home","This product is perfect for those who want to...","Adidas","2437.51","727"
"775","Epic Gizmo","Sports","This product is perfect for those who want to...","P&G","8263.35","906"
"776","Hyper Gadget","Beauty","Our product is the solution for...","Samsung","8744.16","605"
"777","Acme Widget","Food","Looking for a product that can...","Nestle","3412.38","80"
"778","Mega Thingamajig","Home","This product is perfect for those who want to...","Nestle","910.33","612"
"779","Powerful Grommet","Clothing","Looking for a product that can...","Apple","5102.78","652"
"780","Acme Widget","Books","Our product is the solution for...","Nike","8333.55","897"
"781","Hyper Gadget","Electronics","This product is perfect for those who want to...","Unilever","4442.93","586"
"782","Mighty Doodad","Toys","Our product is designed to...","Samsung","9746.96","846"
"783","Acme Widget","Sports","Looking for a product that can...","Unilever","702.57","469"
"784","Acme Widget","Home","Introducing the newest addition to our product line...","Unilever","9689.6","686"
"785","Hyper Gadget","Electronics","Introducing the newest addition to our product line...","Kraft","9013.47","491"
"786","Ultimate Doohickey","Electronics","Introducing the newest addition to our product line...","LG","703.8","721"
"787","Mega Thingamajig","Sports","This product is perfect for those who want to...","Nike","6623.34","123"
"788","Hyper Gadget","Clothing","This product is perfect for those who want to...","Unilever","1011.37","766"
"789","Mega Thingamajig","Beauty","Introducing the newest addition to our product line...","Sony","8483.51","52"
"790","Ultimate Doohickey","Books","Introducing the newest addition to our product line...","Sony","6422.87","387"
"791","Extreme Whatchamacallit","Clothing","This product is perfect for those who want to...","Nestle","7779.0","520"
"792","Mega Thingamajig","Beauty","Introducing the newest addition to our product line...","Apple","5032.71","53"
"793","Powerful Grommet","Home","Our product is designed to...","Adidas","521.0","449"
"794","Acme Widget","Clothing","Our product is designed to...","LG","5732.21","269"
"795","Super Gizmo","Clothing","This product is perfect for those who want to...","Kraft","952.11","739"
"796","Mega Thingamajig","Books","Our product is designed to...","Nestle","1363.03","509"
"797","Extreme Whatchamacallit","Sports","This product is perfect for those who want to...","Nike","9423.16","349"
"798","Turbo Gismo","Clothing","Introducing the newest addition to our product line...","Apple","2103.45","121"
"799","Mega Thingamajig","Electronics","Introducing the newest addition to our product line...","Kraft","4938.57","998"
"800","Acme Widget","Clothing","Our product is designed to...","Nestle","1613.85","311"
"801","Mega Thingamajig","Sports","Our product is designed to...","Kraft","9629.32","976"
"802","Ultimate Doohickey","Beauty","Introducing the newest addition to our product line...","Nike","1415.7","75"
"803","Ultimate Doohickey","Clothing","Our product is designed to...","Sony","6356.25","786"
"804","Extreme Whatchamacallit","Home","Looking for a product that can...","Nestle","3587.3","536"
"805","Acme Widget","Toys","This product is perfect for those who want to...","Unilever","4781.88","279"
"806","Hyper Gadget","Food","Our product is the solution for...","Samsung","7202.77","935"
"807","Powerful Grommet","Food","This product is perfect for those who want to...","Unilever","2882.41","630"
"808","Mighty Doodad","Beauty","Our product is designed to...","Nestle","7394.69","621"
"809","Mighty Doodad","Electronics","Looking for a product that can...","Sony","1436.89","486"
"810","Extreme Whatchamacallit","Clothing","Our product is designed to...","P&G","3475.49","104"
"811","Powerful Grommet","Beauty","Looking for a product that can...","Kraft","1891.01","596"
"812","Epic Gizmo","Sports","This product is perfect for those who want to...","Unilever","5723.04","107"
"813","Epic Gizmo","Electronics","Our product is designed to...","Apple","7993.42","83"
"814","Mighty Doodad","Electronics","Our product is designed to...","P&G","467.5","432"
"815","Ultimate Doohickey","Electronics","Our product is the solution for...","LG","1201.1","385"
"816","Extreme Whatchamacallit","Home","Introducing the newest addition to our product line...","Samsung","2386.96","921"
"817","Hyper Gadget","Sports","Introducing the newest addition to our product line...","Nestle","6764.37","442"
"818","Acme Widget","Books","This product is perfect for those who want to...","Apple","5230.26","123"
"819","Hyper Gadget","Food","Our product is the solution for...","Nike","2229.51","570"
"820","Mighty Doodad","Books","Looking for a product that can...","Sony","6239.55","783"
"821","Super Gizmo","Books","Looking for a product that can...","Sony","1311.84","383"
"822","Turbo Gismo","Clothing","Our product is the solution for...","LG","4574.18","182"
"823","Extreme Whatchamacallit","Beauty","This product is perfect for those who want to...","Apple","3933.83","839"
"824","Extreme Whatchamacallit","Toys","Our product is the solution for...","Nike","7613.35","869"
"825","Mighty Doodad","Books","Our product is the solution for...","Kraft","9143.34","750"
"826","Turbo Gismo","Books","Our product is designed to...","Sony","5120.8","673"
"827","Extreme Whatchamacallit","Food","This product is perfect for those who want to...","LG","1621.29","382"
"828","Acme Widget","Electronics","This product is perfect for those who want to...","Nike","5024.21","346"
"829","Mega Thingamajig","Food","Introducing the newest addition to our product line...","LG","9935.75","654"
"830","Ultimate Doohickey","Books","Our product is designed to...","Apple","1217.91","492"
"831","Acme Widget","Sports","Introducing the newest addition to our product line...","LG","9974.94","322"
"832","Ultimate Doohickey","Food","Looking for a product that can...","Nike","3430.41","368"
"833","Extreme Whatchamacallit","Books","Our product is the solution for...","Kraft","9819.58","182"
"834","Acme Widget","Beauty","Introducing the newest addition to our product line...","Kraft","3680.07","525"
"835","Turbo Gismo","Books","Our product is the solution for...","Unilever","6321.76","552"
"836","Powerful Grommet","Electronics","Our product is the solution for...","Nike","2500.13","257"
"837","Turbo Gismo","Toys","Looking for a product that can...","Unilever","7692.62","206"
"838","Powerful Grommet","Food","Our product is the solution for...","LG","6209.5","959"
"839","Hyper Gadget","Food","Introducing the newest addition to our product line...","P&G","8015.22","414"
"840","Ultimate Doohickey","Clothing","Looking for a product that can...","LG","1998.0","972"
"841","Turbo Gismo","Books","Our product is the solution for...","P&G","9344.09","67"
"842","Mighty Doodad","Toys","Introducing the newest addition to our product line...","Adidas","4580.99","716"
"843","Mighty Doodad","Beauty","Introducing the newest addition to our product line...","Samsung","7151.8","221"
"844","Ultimate Doohickey","Beauty","This product is perfect for those who want to...","Sony","835.69","464"
"845","Turbo Gismo","Clothing","Looking for a product that can...","Nestle","5524.35","672"
"846","Acme Widget","Beauty","Introducing the newest addition to our product line...","P&G","9674.63","806"
"847","Super Gizmo","Books","Introducing the newest addition to our product line...","Samsung","4440.79","65"
"848","Extreme Whatchamacallit","Toys","This product is perfect for those who want to...","Nike","164.45","807"
"849","Ultimate Doohickey","Books","This product is perfect for those who want to...","Unilever","4004.8","893"
"850","Epic Gizmo","Beauty","Looking for a product that can...","Nike","3628.22","471"
"851","Hyper Gadget","Home","Looking for a product that can...","Sony","6267.78","533"
"852","Super Gizmo","Toys","Our product is the solution for...","LG","3465.76","181"
"853","Epic Gizmo","Electronics","This product is perfect for those who want to...","Adidas","1364.25","840"
"854","Ultimate Doohickey","Home","Our product is designed to...","P&G","7760.31","382"
"855","Extreme Whatchamacallit","Sports","Our product is the solution for...","Apple","659.18","532"
"856","Super Gizmo","Food","Looking for a product that can...","Adidas","3022.05","482"
"857","Epic Gizmo","Home","Introducing the newest addition to our product line...","Apple","5573.29","924"
"858","Super Gizmo","Sports","Introducing the newest addition to our product line...","Nike","4839.83","983"
"859","Turbo Gismo","Clothing","Our product is designed to...","Unilever","8489.86","424"
"860","Extreme Whatchamacallit","Food","Looking for a product that can...","Adidas","7464.53","939"
"861","Powerful Grommet","Beauty","Our product is the solution for...","Sony","5546.75","770"
"862","Turbo Gismo","Sports","Introducing the newest addition to our product line...","Kraft","5168.83","684"
"863","Super Gizmo","Home","Our product is the solution for...","Unilever","4770.05","525"
"864","Super Gizmo","Food","Looking for a product that can...","Kraft","6017.77","705"
"865","Turbo Gismo","Sports","Our product is designed to...","Nike","131.84","829"
"866","Powerful Grommet","Sports","Looking for a product that can...","Kraft","1200.4","455"
"867","Mega Thingamajig","Sports","Our product is the solution for...","Adidas","1736.39","362"
"868","Mighty Doodad","Toys","Looking for a product that can...","Apple","3042.13","198"
"869","Mighty Doodad","Food","Our product is designed to...","Kraft","6122.35","72"
"870","Hyper Gadget","Toys","Looking for a product that can...","Nestle","3937.88","155"
"871","Turbo Gismo","Beauty","Introducing the newest addition to our product line...","Nike","8188.06","304"
"872","Mega Thingamajig","Clothing","Our product is the solution for...","Adidas","1857.46","894"
"873","Super Gizmo","Electronics","Introducing the newest addition to our product line...","Nestle","9757.74","782"
"874","Ultimate Doohickey","Sports","Introducing the newest addition to our product line...","Kraft","3131.61","771"
"875","Super Gizmo","Electronics","Our product is the solution for...","Unilever","1974.8","916"
"876","Epic Gizmo","Home","Introducing the newest addition to our product line...","P&G","6920.97","206"
"877","Acme Widget","Toys","Our product is designed to...","Apple","394.74","544"
"878","Ultimate Doohickey","Toys","Our product is the solution for...","Adidas","5131.38","154"
"879","Super Gizmo","Electronics","Introducing the newest addition to our product line...","Nestle","6953.26","526"
"880","Turbo Gismo","Toys","Our product is designed to...","Apple","312.07","818"
"881","Powerful Grommet","Electronics","Our product is the solution for...","Nestle","3729.98","949"
"882","Ultimate Doohickey","Beauty","Looking for a product that can...","Unilever","6577.43","89"
"883","Mighty Doodad","Books","This product is perfect for those who want to...","Nestle","8804.44","171"
"884","Hyper Gadget","Food","This product is perfect for those who want to...","Unilever","3333.69","862"
"885","Mega Thingamajig","Sports","This product is perfect for those who want to...","Nestle","8685.16","997"
"886","Mighty Doodad","Home","Introducing the newest addition to our product line...","Sony","182.14","253"
"887","Epic Gizmo","Sports","This product is perfect for those who want to...","Unilever","5349.07","499"
"888","Powerful Grommet","Food","Introducing the newest addition to our product line...","Samsung","5435.75","724"
"889","Epic Gizmo","Toys","Our product is the solution for...","Samsung","8804.37","163"
"890","Mega Thingamajig","Electronics","Looking for a product that can...","LG","8435.14","27"
"891","Hyper Gadget","Books","This product is perfect for those who want to...","P&G","6293.61","253"
"892","Epic Gizmo","Electronics","Looking for a product that can...","LG","8850.04","343"
"893","Mega Thingamajig","Books","Looking for a product that can...","Nestle","4497.43","364"
"894","Mighty Doodad","Books","This product is perfect for those who want to...","P&G","1042.78","966"
"895","Hyper Gadget","Home","Our product is the solution for...","Adidas","7540.45","504"
"896","Powerful Grommet","Toys","Looking for a product that can...","Unilever","5538.33","381"
"897","Mega Thingamajig","Food","Our product is the solution for...","Sony","3229.21","140"
"898","Powerful Grommet","Toys","Our product is designed to...","Sony","2014.99","996"
"899","Ultimate Doohickey","Beauty","Introducing the newest addition to our product line...","Kraft","2096.07","676"
"900","Powerful Grommet","Clothing","Introducing the newest addition to our product line...","Kraft","7386.39","867"
"901","Mega Thingamajig","Toys","Our product is designed to...","Samsung","5666.53","300"
"902","Extreme Whatchamacallit","Toys","Our product is designed to...","Adidas","6656.01","10"
"903","Turbo Gismo","Electronics","Our product is designed to...","Adidas","1889.85","863"
"904","Ultimate Doohickey","Books","Looking for a product that can...","Kraft","6746.98","976"
"905","Extreme Whatchamacallit","Clothing","Our product is the solution for...","Nike","3546.92","201"
"906","Acme Widget","Food","Our product is designed to...","Unilever","4660.88","647"
"907","Mega Thingamajig","Electronics","Looking for a product that can...","Samsung","3808.88","308"
"908","Hyper Gadget","Food","Our product is designed to...","Sony","725.68","408"
"909","Mighty Doodad","Sports","Looking for a product that can...","Samsung","2502.87","988"
"910","Super Gizmo","Toys","Our product is the solution for...","Nike","7044.73","314"
"911","Mega Thingamajig","Electronics","This product is perfect for those who want to...","Sony","193.27","81"
"912","Powerful Grommet","Food","Introducing the newest addition to our product line...","Nike","7490.37","985"
"913","Powerful Grommet","Food","This product is perfect for those who want to...","Samsung","6008.13","767"
"914","Hyper Gadget","Beauty","Introducing the newest addition to our product line...","P&G","2718.29","45"
"915","Mega Thingamajig","Books","Our product is designed to...","Nestle","9061.44","30"
"916","Epic Gizmo","Food","Introducing the newest addition to our product line...","Apple","8691.02","708"
"917","Hyper Gadget","Toys","Looking for a product that can...","Unilever","3516.8","770"
"918","Super Gizmo","Books","Looking for a product that can...","P&G","6972.47","672"
"919","Mega Thingamajig","Home","Our product is the solution for...","Nike","8719.77","808"
"920","Super Gizmo","Clothing","This product is perfect for those who want to...","Apple","6136.48","352"
"921","Hyper Gadget","Beauty","Introducing the newest addition to our product line...","Unilever","4049.73","838"
"922","Acme Widget","Beauty","Looking for a product that can...","Samsung","5672.03","835"
"923","Ultimate Doohickey","Beauty","Looking for a product that can...","LG","2564.36","11"
"924","Ultimate Doohickey","Toys","Our product is designed to...","LG","3388.18","420"
"925","Epic Gizmo","Beauty","Introducing the newest addition to our product line...","Nike","9699.53","970"
"926","Hyper Gadget","Toys","Our product is the solution for...","LG","3020.92","219"
"927","Turbo Gismo","Clothing","Our product is the solution for...","Apple","2198.66","836"
"928","Super Gizmo","Toys","Introducing the newest addition to our product line...","Nike","5201.9","747"
"929","Ultimate Doohickey","Electronics","Our product is designed to...","LG","3028.21","293"
"930","Epic Gizmo","Electronics","Looking for a product that can...","Apple","5425.81","580"
"931","Acme Widget","Sports","This product is perfect for those who want to...","Apple","5751.97","372"
"932","Turbo Gismo","Toys","This product is perfect for those who want to...","Apple","7549.29","557"
"933","Mighty Doodad","Books","Our product is the solution for...","Unilever","7082.65","353"
"934","Powerful Grommet","Electronics","Our product is the solution for...","Nestle","3835.97","403"
"935","Mighty Doodad","Electronics","This product is perfect for those who want to...","Nestle","1364.68","841"
"936","Hyper Gadget","Books","Our product is the solution for...","Adidas","5463.59","961"
"937","Mighty Doodad","Toys","Our product is the solution for...","Kraft","4180.54","989"
"938","Acme Widget","Home","Looking for a product that can...","Adidas","1783.07","852"
"939","Super Gizmo","Beauty","This product is perfect for those who want to...","Samsung","1221.57","485"
"940","Mega Thingamajig","Clothing","This product is perfect for those who want to...","Adidas","782.34","299"
"941","Extreme Whatchamacallit","Clothing","Our product is the solution for...","Apple","2138.79","399"
"942","Epic Gizmo","Home","Looking for a product that can...","Kraft","1497.1","925"
"943","Super Gizmo","Clothing","This product is perfect for those who want to...","Unilever","9955.73","867"
"944","Hyper Gadget","Food","Introducing the newest addition to our product line...","Unilever","8500.76","678"
"945","Super Gizmo","Beauty","This product is perfect for those who want to...","Sony","6805.84","794"
"946","Epic Gizmo","Home","Our product is designed to...","Samsung","7120.85","438"
"947","Super Gizmo","Clothing","Our product is designed to...","Nike","5000.29","662"
"948","Ultimate Doohickey","Food","Looking for a product that can...","Apple","2432.33","15"
"949","Epic Gizmo","Toys","Our product is designed to...","P&G","1536.78","938"
"950","Mega Thingamajig","Home","This product is perfect for those who want to...","Sony","3583.63","708"
"951","Epic Gizmo","Books","Our product is designed to...","P&G","4229.82","904"
"952","Turbo Gismo","Sports","This product is perfect for those who want to...","P&G","1576.93","261"
"953","Epic Gizmo","Clothing","Looking for a product that can...","Apple","4583.12","154"
"954","Turbo Gismo","Food","Looking for a product that can...","Kraft","8444.86","331"
"955","Hyper Gadget","Beauty","Our product is the solution for...","Samsung","4212.52","924"
"956","Turbo Gismo","Sports","Introducing the newest addition to our product line...","Samsung","1224.66","800"
"957","Hyper Gadget","Books","Looking for a product that can...","LG","747.4","730"
"958","Mega Thingamajig","Toys","Introducing the newest addition to our product line...","Sony","7473.34","110"
"959","Ultimate Doohickey","Clothing","Looking for a product that can...","Apple","4995.17","585"
"960","Turbo Gismo","Clothing","Our product is designed to...","Kraft","6260.76","828"
"961","Powerful Grommet","Home","Our product is designed to...","Nike","5876.7","243"
"962","Acme Widget","Home","Introducing the newest addition to our product line...","Samsung","7151.38","399"
"963","Hyper Gadget","Books","Introducing the newest addition to our product line...","Samsung","8013.42","488"
"964","Mega Thingamajig","Toys","Looking for a product that can...","Kraft","7595.43","16"
"965","Ultimate Doohickey","Home","Our product is the solution for...","Kraft","859.39","713"
"966","Acme Widget","Books","Looking for a product that can...","Kraft","472.8","858"
"967","Acme Widget","Electronics","Introducing the newest addition to our product line...","P&G","902.78","742"
"968","Mighty Doodad","Toys","Looking for a product that can...","Adidas","6014.07","897"
"969","Powerful Grommet","Home","Introducing the newest addition to our product line...","Sony","649.92","520"
"970","Super Gizmo","Food","Our product is designed to...","Kraft","8976.22","55"
"971","Turbo Gismo","Sports","Introducing the newest addition to our product line...","Nestle","4738.73","531"
"972","Mega Thingamajig","Electronics","Our product is designed to...","P&G","1534.95","853"
"973","Hyper Gadget","Food","This product is perfect for those who want to...","Nike","9240.58","189"
"974","Epic Gizmo","Books","Our product is designed to...","P&G","9395.32","345"
"975","Epic Gizmo","Home","Looking for a product that can...","Kraft","5703.97","158"
"976","Turbo Gismo","Clothing","Our product is designed to...","Samsung","1972.3","567"
"977","Acme Widget","Toys","Introducing the newest addition to our product line...","Nestle","1940.76","147"
"978","Extreme Whatchamacallit","Sports","Looking for a product that can...","LG","183.75","753"
"979","Super Gizmo","Beauty","Introducing the newest addition to our product line...","Nestle","9671.39","554"
"980","Super Gizmo","Beauty","Introducing the newest addition to our product line...","Samsung","2566.27","952"
"981","Ultimate Doohickey","Toys","Our product is designed to...","Kraft","105.51","662"
"982","Super Gizmo","Clothing","Introducing the newest addition to our product line...","Sony","3657.23","719"
"983","Ultimate Doohickey","Books","Looking for a product that can...","Adidas","8449.9","713"
"984","Mega Thingamajig","Home","Introducing the newest addition to our product line...","Unilever","8966.28","857"
"985","Turbo Gismo","Electronics","Looking for a product that can...","LG","2895.67","310"
"986","Mighty Doodad","Electronics","This product is perfect for those who want to...","Nestle","8024.04","690"
"987","Epic Gizmo","Electronics","Introducing the newest addition to our product line...","Unilever","8777.96","502"
"988","Super Gizmo","Clothing","Introducing the newest addition to our product line...","Adidas","1578.09","990"
"989","Powerful Grommet","Toys","Looking for a product that can...","Samsung","2015.99","839"
"990","Mighty Doodad","Food","This product is perfect for those who want to...","P&G","5017.74","903"
"991","Hyper Gadget","Books","Our product is the solution for...","Nestle","1424.78","251"
"992","Hyper Gadget","Clothing","Our product is designed to...","P&G","81.35","779"
"993","Mighty Doodad","Home","Our product is designed to...","Apple","2357.74","822"
"994","Mega Thingamajig","Home","Looking for a product that can...","Nestle","6649.83","408"
"995","Powerful Grommet","Clothing","Introducing the newest addition to our product line...","Nike","1144.37","584"
"996","Extreme Whatchamacallit","Beauty","Looking for a product that can...","Apple","5742.49","913"
"997","Epic Gizmo","Sports","Introducing the newest addition to our product line...","Apple","5937.67","93"
"998","Ultimate Doohickey","Beauty","Our product is the solution for...","LG","7290.49","438"
"999","Acme Widget","Sports","Looking for a product that can...","Samsung","5019.63","692"
"1000","Turbo Gismo","Clothing","Our product is the solution for...","Sony","1264.11","468"
